{"theta": -1.8578411230661054, "px": 2.831363719363072, "py": -8.840672413022915}