{"theta": -1.8578411230661012, "px": 2.8313637193671073, "py": -8.840672413022645}