{"theta": 2.916026118404969, "px": -7.774804189631496, "py": 25.547304343435112}