{"theta": -1.857841123066086, "px": 2.8313637193684342, "py": -8.840672413025597}