{"theta": -1.8578411230661098, "px": 2.8313637193640258, "py": -8.840672413029104}