{"theta": 2.7018000748727995, "px": 14.70859766685424, "py": -38.579961883286074}