Slide,status,axis,pt1,pt2,pt3,pt4,pt5,pt6,pt7 ,pt8
slice_2,Original,x,1,3,5,0,2,4,6,1
slice_2,Original,y,3.464101615,3.464101615,3.464101615,1.732050808,1.732050808,1.732050808,1.732050808,0
slice_2,Aligned,x,1,3,5,0,2,4,6,1
slice_2,Aligned,y,3.464101615,3.464101615,3.464101615,1.732050808,1.732050808,1.732050808,1.732050808,0
slice_3,Original,x,1,3,5,0,2,4,6,1
slice_3,Original,y,3.464101615,3.464101615,3.464101615,1.732050808,1.732050808,1.732050808,1.732050808,0
slice_3,Aligned,x,1,3,5,0,2,4,6,1
slice_3,Aligned,y,3.464101615,3.464101615,3.464101615,1.732050808,1.732050808,1.732050808,1.732050808,0